External ID,Name,Barcode,Sales Price,Đơn vị tính,pos_categ_id,Brand
10005245,Sữa chua không đường Vinamilk hộp 100g,8930010005245,25000,Hộp,Sữa Chua Ăn,Vinamilk
10005245,Sữa chua không đường Vinamilk hộp 100g,8934673605823,25000,Hộp,Sữa Chua Ăn,Vinamilk
10005247,Sữa chua nha đam Vinamilk hộp 100g,8930010005247,25000,Hộp,Sữa Chua Ăn,Vinamilk
10005247,Sữa chua nha đam Vinamilk hộp 100g,8934673601825,25000,Hộp,Sữa Chua Ăn,Vinamilk
10005252,Sữa chua cho trẻ em SuSu Vinamilk hộp 80g,8934673606813,25000,Hộp,Sữa Chua Ăn,Vinamilk
10005252,Sữa chua cho trẻ em SuSu Vinamilk hộp 80g,8934673606813,25000,Hộp,Sữa Chua Ăn,Vinamilk
10005253,Sữa chua uống men sống Probi Vinamilk lốc 5 chai x 65ml,8930010005253,25000,Chai,Sữa Chua Uống,Vinamilk
10005253,Sữa chua uống men sống Probi Vinamilk lốc 5 chai x 65ml,8934673400510,25000,Chai,Sữa Chua Uống,Vinamilk
10005255,Sữa chua Vinamilk có đường hộp 100g,8930010005255,25000,Hộp,Sữa Chua Ăn,Vinamilk
10005255,Sữa chua Vinamilk có đường hộp 100g,8934673606820,25000,Hộp,Sữa Chua Ăn,Vinamilk
10005280,Sữa chua Vinamilk ít đường hộp 100g,8930010005280,25000,Hộp,Sữa Chua Ăn,Vinamilk
10005280,Sữa chua Vinamilk ít đường hộp 100g,8934673613828,25000,Hộp,Sữa Chua Ăn,Vinamilk
10005282,Sữa chua từ 100% sữa tươi lên men tự nhiên Vinamilk có đường hộp 100g,8934673616829,25000,Hộp,Sữa Chua Ăn,Vinamilk
10005282,Sữa chua từ 100% sữa tươi lên men tự nhiên Vinamilk có đường hộp 100g,8934673616829,25000,Hộp,Sữa Chua Ăn,Vinamilk
10005357,Sữa tươi tiệt trùng ít đường Vinamilk lốc 4 x 180ml,10005357,25000,Hộp,Sữa Tươi Tiệt Trùng,Vinamilk
10005357,Sữa tươi tiệt trùng ít đường Vinamilk lốc 4 x 180ml,1893467358134,25000,Hộp,Sữa Tươi Tiệt Trùng,Vinamilk
10005357,Sữa tươi tiệt trùng ít đường Vinamilk lốc 4 x 180ml,18934673581346,25000,Hộp,Sữa Tươi Tiệt Trùng,Vinamilk
10005357,Sữa tươi tiệt trùng ít đường Vinamilk lốc 4 x 180ml,8934673581349,25000,Hộp,Sữa Tươi Tiệt Trùng,Vinamilk
10005357,Sữa tươi tiệt trùng ít đường Vinamilk lốc 4 x 180ml,8934673581349,25000,Hộp,Sữa Tươi Tiệt Trùng,Vinamilk
10005402,Sữa tiệt trùng Vinamilk không đường túi 220ml,10005402,25000,Gói,Sữa Tươi Tiệt Trùng,Vinamilk
10005402,Sữa tiệt trùng Vinamilk không đường túi 220ml,1893467353535,25000,Gói,Sữa Tươi Tiệt Trùng,Vinamilk
10005402,Sữa tiệt trùng Vinamilk không đường túi 220ml,8934673501354,25000,Gói,Sữa Tươi Tiệt Trùng,Vinamilk
10005402,Sữa tiệt trùng Vinamilk không đường túi 220ml,8934673501354,25000,Gói,Sữa Tươi Tiệt Trùng,Vinamilk
10005410,Sữa tiệt trùng sô cô la Vinamilk túi 220ml,10005410,25000,Gói,Sữa Tươi Tiệt Trùng,Vinamilk
10005410,Sữa tiệt trùng sô cô la Vinamilk túi 220ml,1893467353935,25000,Gói,Sữa Tươi Tiệt Trùng,Vinamilk
10005410,Sữa tiệt trùng sô cô la Vinamilk túi 220ml,8934673503358,25000,Gói,Sữa Tươi Tiệt Trùng,Vinamilk
10005410,Sữa tiệt trùng sô cô la Vinamilk túi 220ml,8934673503358,25000,Gói,Sữa Tươi Tiệt Trùng,Vinamilk
10005453,Sữa đậu nành nguyên chất Vinamilk túi 220ml,10005453,25000,Gói,Sữa Thực Vật,Vinamilk
10005453,Sữa đậu nành nguyên chất Vinamilk túi 220ml,1893467370004,25000,Gói,Sữa Thực Vật,Vinamilk
10005453,Sữa đậu nành nguyên chất Vinamilk túi 220ml,8930010005453,25000,Gói,Sữa Thực Vật,Vinamilk
10005453,Sữa đậu nành nguyên chất Vinamilk túi 220ml,8934673700047,25000,Gói,Sữa Thực Vật,Vinamilk
10005469,Sữa chua uống men sống ít đường Probi Vinamilk lốc 5 chai x 65ml,8934673303507,25000,Chai,Sữa Chua Uống,Vinamilk
10005469,Sữa chua uống men sống ít đường Probi Vinamilk lốc 5 chai x 65ml,8934673303507,25000,Chai,Sữa Chua Uống,Vinamilk
10005485,Sữa chua uống có đường Probi  Vinamilk lốc 4 chai x 130ml,8930010005485,25000,Chai,Sữa Chua Uống,Vinamilk
10005485,Sữa chua uống có đường Probi  Vinamilk lốc 4 chai x 130ml,8934673304528,25000,Chai,Sữa Chua Uống,Vinamilk
10005761,Phô mai Vinamilk hộp 120g,8930010005761,25000,Hộp,Phô Mai,Vinamilk
10005761,Phô mai Vinamilk hộp 120g,8934673900928,25000,Hộp,Phô Mai,Vinamilk
10010456,Sữa đặc có đường Vinamilk Ngôi Sao Phương Nam xanh biển 380g,8930010010456,25000,Hộp,Sữa Đặc,Vinamilk
10010456,Sữa đặc có đường Vinamilk Ngôi Sao Phương Nam xanh biển 380g,8934673300155,25000,Hộp,Sữa Đặc,Vinamilk
10010458,Kem đặc có đường Vinamilk Ngôi Sao Phương Nam hộp 1,8930010010458,25000,Hộp,Sữa Đặc,Vinamilk
10010458,Kem đặc có đường Vinamilk Ngôi Sao Phương Nam hộp 1,8934673314909,25000,Hộp,Sữa Đặc,Vinamilk
10010487,Sữa Tiệt Trùng Có Đường Vinamilk Hộp 1l,10010487,25000,Hộp,Sữa Tươi Tiệt Trùng,Vinamilk
10010487,Sữa Tiệt Trùng Có Đường Vinamilk Hộp 1l,1893467357339,25000,Hộp,Sữa Tươi Tiệt Trùng,Vinamilk
10010487,Sữa Tiệt Trùng Có Đường Vinamilk Hộp 1l,8934673562393,25000,Hộp,Sữa Tươi Tiệt Trùng,Vinamilk
10010487,Sữa Tiệt Trùng Có Đường Vinamilk Hộp 1l,8934673562393,25000,Hộp,Sữa Tươi Tiệt Trùng,Vinamilk
10010487,Sữa Tiệt Trùng Có Đường Vinamilk Hộp 1l,8934673573399,25000,Hộp,Sữa Tươi Tiệt Trùng,Vinamilk
10010488,Sữa tươi tiệt trùng Vinamilk  có đường lốc 4 x180ml,10010488,25000,Hộp,Sữa Tươi Tiệt Trùng,Vinamilk
10010488,Sữa tươi tiệt trùng Vinamilk  có đường lốc 4 x180ml,1893467357334,25000,Hộp,Sữa Tươi Tiệt Trùng,Vinamilk
10010488,Sữa tươi tiệt trùng Vinamilk  có đường lốc 4 x180ml,18934673573341,25000,Hộp,Sữa Tươi Tiệt Trùng,Vinamilk
10010488,Sữa tươi tiệt trùng Vinamilk  có đường lốc 4 x180ml,8934673573344,25000,Hộp,Sữa Tươi Tiệt Trùng,Vinamilk
10010491,Sữa tươi tiệt trùng Vinamilk không đường hộp 1L,8934673561396,25000,Hộp,Sữa Tươi Tiệt Trùng,Vinamilk
10010491,Sữa tươi tiệt trùng Vinamilk không đường hộp 1L,8934673561396,25000,Hộp,Sữa Tươi Tiệt Trùng,Vinamilk
10010491,Sữa tươi tiệt trùng Vinamilk không đường hộp 1L,8934673576390,25000,Hộp,Sữa Tươi Tiệt Trùng,Vinamilk
10010492,Sữa tươi tiệt trùng Vinamilk không đường Lốc 4 hộp x 180ml,10010492,25000,Hộp,Sữa Tươi Tiệt Trùng,Vinamilk
10010492,Sữa tươi tiệt trùng Vinamilk không đường Lốc 4 hộp x 180ml,18934673576342,25000,Hộp,Sữa Tươi Tiệt Trùng,Vinamilk
10010492,Sữa tươi tiệt trùng Vinamilk không đường Lốc 4 hộp x 180ml,8934673576345,25000,Hộp,Sữa Tươi Tiệt Trùng,Vinamilk
10011183,Nước nho nha đam Vfresh Vinamilk chai 350ml,8930010011183,25000,Chai,Nước Giải Khát,Vinamilk
10011183,Nước nho nha đam Vfresh Vinamilk chai 350ml,8934673702560,25000,Chai,Nước Giải Khát,Vinamilk
10086502,Sữa chua lựu đỏ Vinamilk hộp 100g,8934673500821,25000,Hộp,Sữa Chua Ăn,Vinamilk
10086502,Sữa chua lựu đỏ Vinamilk hộp 100g,8934673500821,25000,Hộp,Sữa Chua Ăn,Vinamilk
10235839,Sữa tươi tiệt trùng không đường 100 Organic Vinamilk lốc 4 hộp x 180ml,10235839,25000,Lốc,Sữa Tươi Tiệt Trùng,Vinamilk
10235839,Sữa tươi tiệt trùng không đường 100 Organic Vinamilk lốc 4 hộp x 180ml,1893467310934,25000,Lốc,Sữa Tươi Tiệt Trùng,Vinamilk
10235839,Sữa tươi tiệt trùng không đường 100 Organic Vinamilk lốc 4 hộp x 180ml,18934673109342,25000,Lốc,Sữa Tươi Tiệt Trùng,Vinamilk
10235839,Sữa tươi tiệt trùng không đường 100 Organic Vinamilk lốc 4 hộp x 180ml,8934673109345,25000,Lốc,Sữa Tươi Tiệt Trùng,Vinamilk
10235839,Sữa tươi tiệt trùng không đường 100 Organic Vinamilk lốc 4 hộp x 180ml,8934673109345,25000,Lốc,Sữa Tươi Tiệt Trùng,Vinamilk
10301136,Sữa đậu nành gấp đôi canxi Vinamilk túi 220ml,10301136,25000,Gói,Sữa Thực Vật,Vinamilk
10301136,Sữa đậu nành gấp đôi canxi Vinamilk túi 220ml,1893467370336,25000,Gói,Sữa Thực Vật,Vinamilk
10301136,Sữa đậu nành gấp đôi canxi Vinamilk túi 220ml,8930010301136,25000,Gói,Sữa Thực Vật,Vinamilk
10301136,Sữa đậu nành gấp đôi canxi Vinamilk túi 220ml,8934673703369,25000,Gói,Sữa Thực Vật,Vinamilk
10406968,Sữa tiệt trùng ít đường Vinamilk F220ml,10406968,25000,Gói,Sữa Tươi Tiệt Trùng,Vinamilk
10406968,Sữa tiệt trùng ít đường Vinamilk F220ml,1893467313234,25000,Gói,Sữa Tươi Tiệt Trùng,Vinamilk
10406968,Sữa tiệt trùng ít đường Vinamilk F220ml,8934673132343,25000,Gói,Sữa Tươi Tiệt Trùng,Vinamilk
10406968,Sữa tiệt trùng ít đường Vinamilk F220ml,8934673132343,25000,Gói,Sữa Tươi Tiệt Trùng,Vinamilk
10406972,Sữa đậu nành hạt óc chó Vinamilk lốc 4 hộp x 180ml,10406972,25000,Lốc,Sữa Thực Vật,Vinamilk
10406972,Sữa đậu nành hạt óc chó Vinamilk lốc 4 hộp x 180ml,1893467371434,25000,Lốc,Sữa Thực Vật,Vinamilk
10406972,Sữa đậu nành hạt óc chó Vinamilk lốc 4 hộp x 180ml,8930010406972,25000,Lốc,Sữa Thực Vật,Vinamilk
10406972,Sữa đậu nành hạt óc chó Vinamilk lốc 4 hộp x 180ml,8934673714341,25000,Lốc,Sữa Thực Vật,Vinamilk
10603399,Sữa chua ăn Vinamilk Nếp Cẩm 100g,8934673538824,25000,Hộp,Sữa Chua Ăn,Vinamilk
10603399,Sữa chua ăn Vinamilk Nếp Cẩm 100g,8934673538824,25000,Hộp,Sữa Chua Ăn,Vinamilk
10638093,Sữa gạo rang ít đường Vinamilk Zori lốc 4 hộp x 180ml,8930010638093,25000,Hộp,Sữa Gạo Rang,Vinamilk
10638093,Sữa gạo rang ít đường Vinamilk Zori lốc 4 hộp x 180ml,8934673700139,25000,Hộp,Sữa Gạo Rang,Vinamilk
1183069495945,Sữa Bột Vinamilk Dielac Alpha 4 - Hộp Thiếc 900g,1183069495945,25000,Cái,Sữa Cho Bé,Vinamilk
1183069495945,Sữa Bột Vinamilk Dielac Alpha 4 - Hộp Thiếc 900g,8934673183192,25000,Cái,Sữa Cho Bé,Vinamilk
1415767827163,Sữa Bột Vinamilk Dielac Alpha 1 - Hộp Thiếc 400g,1415767827163,25000,Hộp,Sữa Cho Bé,Vinamilk
1415767827163,Sữa Bột Vinamilk Dielac Alpha 1 - Hộp Thiếc 400g,8934673735612,25000,Hộp,Sữa Cho Bé,Vinamilk
1754174741106,Lốc 4 Hộp Sữa Bột Pha Sẵn Vinamilk Dielac Alpha Gold IQ 180ml,1754174741106,25000,Lốc,Sữa Cho Bé,Vinamilk
1754174741106,Lốc 4 Hộp Sữa Bột Pha Sẵn Vinamilk Dielac Alpha Gold IQ 180ml,8934673113342,25000,Lốc,Sữa Cho Bé,Vinamilk
1852149067944,Bột Ăn Dặm Vinamilk Ridielac Gold 3 Vị Ngọt (200g / Hộp Giấy),8934673429061,25000,Cái,Thực Phẩm Ăn Dặm,Vinamilk
191100892,Sữa bột Vinamilk Organic Gold 2 (350g / Hộp Thiếc),8934673000062,25000,Hộp,Sữa Cho Bé,Vinamilk
191100893,Sữa bột Vinamilk Dielac Alpha Step 3 hộp thiếc 900g,8934673065184,25000,Hộp,Sữa Cho Bé,Vinamilk
191100893,Sữa bột Vinamilk Dielac Alpha Step 3 hộp thiếc 900g,8934673182195,25000,Hộp,Sữa Cho Bé,Vinamilk
191100894,Sữa bột VINAMILK ORGANIC GOLD 4 (cho trẻ trên 2 tuổi) 850G,8934673000116,25000,Hộp,Sữa Cho Bé,Vinamilk
191100896,Sữa bột Vinamilk Dielac Mama Gold hương vani 900g,8934673023191,25000,Hộp,Sữa Cho Mẹ Mang Thai & Cho Con Bú,Vinamilk
191100897,Sữa bột Vinamilk Organic Gold 3 (1 - 2 TUỔI) 850G,8934673000093,25000,Hộp,Sữa Cho Bé,Vinamilk
191100898,Sữa bột Vinamilk Organic Gold 1 (0 - 6 THÁNG) 350G,8934673000048,25000,Hộp,Sữa Cho Bé,Vinamilk
191100899,Sữa bột Vinamilk Dielac Mama Gold hương cam Hộp thiếc 900g,8934673071185,25000,Hộp,Sữa Cho Mẹ Mang Thai & Cho Con Bú,Vinamilk
191100900,Sữa bột Vinamilk YOKO 3 850g ( 2 - 6 TUỔI),8934673000321,25000,Hộp,Sữa Cho Bé,Vinamilk
191201171,Sữa Bột Vinamilk Sure Prevent - Hộp Thiếc 900g,8930191201171,25000,Hộp,Sữa Cho Người Cao Tuổi,Vinamilk
191201171,Sữa Bột Vinamilk Sure Prevent - Hộp Thiếc 900g,8934673068185,25000,Hộp,Sữa Cho Người Cao Tuổi,Vinamilk
191201175,Sữa bột nguyên kem có đường Vinamilk Hộp giấy 400g,8930191201175,25000,Hộp,Sữa Cho Bé,Vinamilk
191201175,Sữa bột nguyên kem có đường Vinamilk Hộp giấy 400g,8934673115261,25000,Hộp,Sữa Cho Bé,Vinamilk
191201178,Sữa bột Vinamilk YoKo Gold 2 (850g),8930191201178,25000,Hộp,Sữa Cho Bé,Vinamilk
191201178,Sữa bột Vinamilk YoKo Gold 2 (850g),8934673000307,25000,Hộp,Sữa Cho Bé,Vinamilk
191201179,Sữa bột Vinamilk YoKo Gold 1 (850g),8930191201179,25000,Hộp,Sữa Cho Bé,Vinamilk
191201179,Sữa bột Vinamilk YoKo Gold 1 (850g),8934673000284,25000,Hộp,Sữa Cho Bé,Vinamilk
200900743,Bột ăn dặm Vinamilk Ridielac Gold gạo sữa HG 200g,8930200900743,25000,Hộp,Thực Phẩm Ăn Dặm,Vinamilk
200900743,Bột ăn dặm Vinamilk Ridielac Gold gạo sữa HG 200g,8934673421034,25000,Hộp,Thực Phẩm Ăn Dặm,Vinamilk
200900744,Bột ăn dặm Vinamilk Ridielac Gold gạo trái cây 200g,8930200900744,25000,Hộp,Thực Phẩm Ăn Dặm,Vinamilk
200900744,Bột ăn dặm Vinamilk Ridielac Gold gạo trái cây 200g,8934673422031,25000,Hộp,Thực Phẩm Ăn Dặm,Vinamilk
200900745,Bột ăn dặm Vinamilk Ridielac Gold Cá Hồi BCX HG 200g,8930200900745,25000,Hộp,Thực Phẩm Ăn Dặm,Vinamilk
200900745,Bột ăn dặm Vinamilk Ridielac Gold Cá Hồi BCX HG 200g,8934673428033,25000,Hộp,Thực Phẩm Ăn Dặm,Vinamilk
200900748,Bột ăn dặm Vinamilk Organic Gold Gạo Sữa HG 200g,8930200900748,25000,Hộp,Thực Phẩm Ăn Dặm,Vinamilk
200900748,Bột ăn dặm Vinamilk Organic Gold Gạo Sữa HG 200g,8934673433037,25000,Hộp,Thực Phẩm Ăn Dặm,Vinamilk
200900776,Sữa bột Vinamilk Yoko Gold 3 - HT 850g,200900776,25000,Hộp,Sữa Cho Bé,Vinamilk
200900776,Sữa bột Vinamilk Yoko Gold 3 - HT 850g,8930200900776,25000,Hộp,Sữa Cho Bé,Vinamilk
200900777,Thùng 48 hộp SDD TT dâu Vinamilk ADM 180ml,1893467310052,25000,Thùng,Sữa Dinh Dưỡng Tiệt Trùng,Vinamilk
200900777,Thùng 48 hộp SDD TT dâu Vinamilk ADM 180ml,18934673100523,25000,Thùng,Sữa Dinh Dưỡng Tiệt Trùng,Vinamilk
200900777,Thùng 48 hộp SDD TT dâu Vinamilk ADM 180ml,1893467313834,25000,Thùng,Sữa Dinh Dưỡng Tiệt Trùng,Vinamilk
200900777,Thùng 48 hộp SDD TT dâu Vinamilk ADM 180ml,18934673138342,25000,Thùng,Sữa Dinh Dưỡng Tiệt Trùng,Vinamilk
200900777,Thùng 48 hộp SDD TT dâu Vinamilk ADM 180ml,200900777,25000,Thùng,Sữa Dinh Dưỡng Tiệt Trùng,Vinamilk
200900777,Thùng 48 hộp SDD TT dâu Vinamilk ADM 180ml,8930200900777,25000,Thùng,Sữa Dinh Dưỡng Tiệt Trùng,Vinamilk
200900778,Thùng 48 hộp SDD TT dâu Vinamilk ADM 110ml,1893467310051,25000,Thùng,Sữa Dinh Dưỡng Tiệt Trùng,Vinamilk
200900778,Thùng 48 hộp SDD TT dâu Vinamilk ADM 110ml,18934673100516,25000,Thùng,Sữa Dinh Dưỡng Tiệt Trùng,Vinamilk
200900778,Thùng 48 hộp SDD TT dâu Vinamilk ADM 110ml,1893467313832,25000,Thùng,Sữa Dinh Dưỡng Tiệt Trùng,Vinamilk
200900778,Thùng 48 hộp SDD TT dâu Vinamilk ADM 110ml,18934673138328,25000,Thùng,Sữa Dinh Dưỡng Tiệt Trùng,Vinamilk
200900778,Thùng 48 hộp SDD TT dâu Vinamilk ADM 110ml,200900778,25000,Thùng,Sữa Dinh Dưỡng Tiệt Trùng,Vinamilk
200900778,Thùng 48 hộp SDD TT dâu Vinamilk ADM 110ml,8930200900778,25000,Thùng,Sữa Dinh Dưỡng Tiệt Trùng,Vinamilk
200900779,Thùng 48 hộp SDD TT sôcôla Vinamilk ADM 180ml,1893467310056,25000,Thùng,Sữa Dinh Dưỡng Tiệt Trùng,Vinamilk
200900779,Thùng 48 hộp SDD TT sôcôla Vinamilk ADM 180ml,18934673100561,25000,Thùng,Sữa Dinh Dưỡng Tiệt Trùng,Vinamilk
200900779,Thùng 48 hộp SDD TT sôcôla Vinamilk ADM 180ml,1893467313934,25000,Thùng,Sữa Dinh Dưỡng Tiệt Trùng,Vinamilk
200900779,Thùng 48 hộp SDD TT sôcôla Vinamilk ADM 180ml,18934673139349,25000,Thùng,Sữa Dinh Dưỡng Tiệt Trùng,Vinamilk
200900779,Thùng 48 hộp SDD TT sôcôla Vinamilk ADM 180ml,200900779,25000,Thùng,Sữa Dinh Dưỡng Tiệt Trùng,Vinamilk
200900779,Thùng 48 hộp SDD TT sôcôla Vinamilk ADM 180ml,8930200900779,25000,Thùng,Sữa Dinh Dưỡng Tiệt Trùng,Vinamilk
200900780,Thùng 48 hộp SDD TT sôcôla Vinamilk ADM 110ml,1893467313932,25000,Thùng,Sữa Dinh Dưỡng Tiệt Trùng,Vinamilk
200900780,Thùng 48 hộp SDD TT sôcôla Vinamilk ADM 110ml,18934673139325,25000,Thùng,Sữa Dinh Dưỡng Tiệt Trùng,Vinamilk
200900780,Thùng 48 hộp SDD TT sôcôla Vinamilk ADM 110ml,8930200900780,25000,Thùng,Sữa Dinh Dưỡng Tiệt Trùng,Vinamilk
200900781,Thùng 48 hộp STT có đường Vinamilk ADM 180ml,1893467310050,25000,Thùng,Sữa Tươi Tiệt Trùng,Vinamilk
200900781,Thùng 48 hộp STT có đường Vinamilk ADM 180ml,18934673100509,25000,Thùng,Sữa Tươi Tiệt Trùng,Vinamilk
200900781,Thùng 48 hộp STT có đường Vinamilk ADM 180ml,1893467313734,25000,Thùng,Sữa Tươi Tiệt Trùng,Vinamilk
200900781,Thùng 48 hộp STT có đường Vinamilk ADM 180ml,18934673137345,25000,Thùng,Sữa Tươi Tiệt Trùng,Vinamilk
200900781,Thùng 48 hộp STT có đường Vinamilk ADM 180ml,200900781,25000,Thùng,Sữa Tươi Tiệt Trùng,Vinamilk
200900781,Thùng 48 hộp STT có đường Vinamilk ADM 180ml,8930200900781,25000,Thùng,Sữa Tươi Tiệt Trùng,Vinamilk
200900782,Thùng 48 hộp SDD TT có đường Vinamilk ADM 110ml,1893467310049,25000,Thùng,Sữa Dinh Dưỡng Tiệt Trùng,Vinamilk
200900782,Thùng 48 hộp SDD TT có đường Vinamilk ADM 110ml,18934673100493,25000,Thùng,Sữa Dinh Dưỡng Tiệt Trùng,Vinamilk
200900782,Thùng 48 hộp SDD TT có đường Vinamilk ADM 110ml,1893467313732,25000,Thùng,Sữa Dinh Dưỡng Tiệt Trùng,Vinamilk
200900782,Thùng 48 hộp SDD TT có đường Vinamilk ADM 110ml,18934673137321,25000,Thùng,Sữa Dinh Dưỡng Tiệt Trùng,Vinamilk
200900782,Thùng 48 hộp SDD TT có đường Vinamilk ADM 110ml,200900782,25000,Thùng,Sữa Dinh Dưỡng Tiệt Trùng,Vinamilk
200900782,Thùng 48 hộp SDD TT có đường Vinamilk ADM 110ml,8930200900782,25000,Thùng,Sữa Dinh Dưỡng Tiệt Trùng,Vinamilk
200900783,Thùng 48 hộp STTT hương dâu Vinamilk 180ml,1893467357434,25000,Thùng,Sữa Tươi Tiệt Trùng,Vinamilk
200900783,Thùng 48 hộp STTT hương dâu Vinamilk 180ml,18934673574348,25000,Thùng,Sữa Tươi Tiệt Trùng,Vinamilk
200900783,Thùng 48 hộp STTT hương dâu Vinamilk 180ml,200900783,25000,Thùng,Sữa Tươi Tiệt Trùng,Vinamilk
200900783,Thùng 48 hộp STTT hương dâu Vinamilk 180ml,8930200900783,25000,Thùng,Sữa Tươi Tiệt Trùng,Vinamilk
200900784,Thùng 48 hộp STTT hương dâu Vinamilk 110ml,1893467357432,25000,Thùng,Sữa Tươi Tiệt Trùng,Vinamilk
200900784,Thùng 48 hộp STTT hương dâu Vinamilk 110ml,18934673574324,25000,Thùng,Sữa Tươi Tiệt Trùng,Vinamilk
200900784,Thùng 48 hộp STTT hương dâu Vinamilk 110ml,200900784,25000,Thùng,Sữa Tươi Tiệt Trùng,Vinamilk
200900784,Thùng 48 hộp STTT hương dâu Vinamilk 110ml,8930200900784,25000,Thùng,Sữa Tươi Tiệt Trùng,Vinamilk
200900785,Thùng 48 hộp STTT sôcôla Vinamilk 180ml,1893467357534,25000,Thùng,Sữa Tươi Tiệt Trùng,Vinamilk
200900785,Thùng 48 hộp STTT sôcôla Vinamilk 180ml,18934673575345,25000,Thùng,Sữa Tươi Tiệt Trùng,Vinamilk
200900785,Thùng 48 hộp STTT sôcôla Vinamilk 180ml,200900785,25000,Thùng,Sữa Tươi Tiệt Trùng,Vinamilk
200900785,Thùng 48 hộp STTT sôcôla Vinamilk 180ml,8930200900785,25000,Thùng,Sữa Tươi Tiệt Trùng,Vinamilk
200900786,Thùng 48 hộp STTT sôcôla Vinamilk 110ml,1893467357532,25000,Thùng,Sữa Tươi Tiệt Trùng,Vinamilk
200900786,Thùng 48 hộp STTT sôcôla Vinamilk 110ml,18934673575321,25000,Thùng,Sữa Tươi Tiệt Trùng,Vinamilk
200900786,Thùng 48 hộp STTT sôcôla Vinamilk 110ml,200900786,25000,Thùng,Sữa Tươi Tiệt Trùng,Vinamilk
200900786,Thùng 48 hộp STTT sôcôla Vinamilk 110ml,8930200900786,25000,Thùng,Sữa Tươi Tiệt Trùng,Vinamilk
200900787,STTT có đường Vinamilk 1L,8930200900787,25000,Hộp,Sữa Tươi Tiệt Trùng,Vinamilk
200900788,Thùng 48 hộp STTT có đường Vinamilk 180ml,200900788,25000,Thùng,Sữa Tươi Tiệt Trùng,Vinamilk
200900788,Thùng 48 hộp STTT có đường Vinamilk 180ml,8930200900788,25000,Thùng,Sữa Tươi Tiệt Trùng,Vinamilk
200900789,Thùng 48 hộp STTT có đường Vinamilk 110ml,1893467357332,25000,Thùng,Sữa Tươi Tiệt Trùng,Vinamilk
200900789,Thùng 48 hộp STTT có đường Vinamilk 110ml,18934673573327,25000,Thùng,Sữa Tươi Tiệt Trùng,Vinamilk
200900789,Thùng 48 hộp STTT có đường Vinamilk 110ml,200900789,25000,Thùng,Sữa Tươi Tiệt Trùng,Vinamilk
200900789,Thùng 48 hộp STTT có đường Vinamilk 110ml,8930200900789,25000,Thùng,Sữa Tươi Tiệt Trùng,Vinamilk
200900790,STTT ít đường Vinamilk 1L,18934673581391,25000,Hộp,Sữa Tươi Tiệt Trùng,Vinamilk
200900790,STTT ít đường Vinamilk 1L,8930200900790,25000,Hộp,Sữa Tươi Tiệt Trùng,Vinamilk
200900790,STTT ít đường Vinamilk 1L,8934673581394,25000,Hộp,Sữa Tươi Tiệt Trùng,Vinamilk
200900792,STTT không đường Vinamilk 1L,18934673576397,25000,Hộp,Sữa Tươi Tiệt Trùng,Vinamilk
200900792,STTT không đường Vinamilk 1L,8930200900792,25000,Hộp,Sữa Tươi Tiệt Trùng,Vinamilk
200900793,Thùng 48 hộp STTT không đường Vinamilk 180ml,200900793,25000,Thùng,Sữa Tươi Tiệt Trùng,Vinamilk
200900793,Thùng 48 hộp STTT không đường Vinamilk 180ml,8930200900793,25000,Thùng,Sữa Tươi Tiệt Trùng,Vinamilk
200900796,Thùng 48 hộp SĐN Hạnh nhân Vinamilk 180ml,18934673700129,25000,Thùng,Sữa Thực Vật,Vinamilk
200900796,Thùng 48 hộp SĐN Hạnh nhân Vinamilk 180ml,200900796,25000,Thùng,Sữa Thực Vật,Vinamilk
200900796,Thùng 48 hộp SĐN Hạnh nhân Vinamilk 180ml,8930200900796,25000,Thùng,Sữa Thực Vật,Vinamilk
200900804,Sữa bột Vinamilk Yoko Gold 1 - HT 850g,200900804,25000,Hộp,Sữa Cho Bé,Vinamilk
200900804,Sữa bột Vinamilk Yoko Gold 1 - HT 850g,8930200900804,25000,Hộp,Sữa Cho Bé,Vinamilk
200900805,Sữa bột Vinamilk Yoko Gold 2 - HT 850g,200900805,25000,Hộp,Sữa Cho Bé,Vinamilk
200900805,Sữa bột Vinamilk Yoko Gold 2 - HT 850g,8930200900805,25000,Hộp,Sữa Cho Bé,Vinamilk
201001337,Sữa bột Vinamilk Optimum Gold 2 (800g),8930201001337,25000,Hộp,Sữa Cho Bé,Vinamilk
201001337,Sữa bột Vinamilk Optimum Gold 2 (800g),8934673000871,25000,Hộp,Sữa Cho Bé,Vinamilk
210104821,Thùng 48 Lon sữa đặc có đường Vinamilk Ông Thọ xanh 380g,1893467331150,25000,Thùng,Sữa Đặc,Vinamilk
210104821,Thùng 48 Lon sữa đặc có đường Vinamilk Ông Thọ xanh 380g,8930210104821,25000,Thùng,Sữa Đặc,Vinamilk
210104822,Thùng 48 Lon sữa đặc có đường Vinamilk Ngôi Sao Phương Nam xanh biển 380gr,1893467330015,25000,Thùng,Sữa Đặc,Vinamilk
210104822,Thùng 48 Lon sữa đặc có đường Vinamilk Ngôi Sao Phương Nam xanh biển 380gr,8930210104822,25000,Thùng,Sữa Đặc,Vinamilk
210104823,Thùng 12 Hộp sữa đặc có đường Vinamilk Ngôi Sao Phương Nam xanh lá 1284g,210104823,25000,Thùng,Sữa Đặc,Vinamilk
210104823,Thùng 12 Hộp sữa đặc có đường Vinamilk Ngôi Sao Phương Nam xanh lá 1284g,8930210104823,25000,Thùng,Sữa Đặc,Vinamilk
210500116,Thùng 48 bịch Sữa dinh dưỡng Hương dâu Vinamilk 220ml,1893467353735,25000,Thùng,Sữa Dinh Dưỡng Tiệt Trùng,Vinamilk
210500116,Thùng 48 bịch Sữa dinh dưỡng Hương dâu Vinamilk 220ml,18934673537350,25000,Thùng,Sữa Dinh Dưỡng Tiệt Trùng,Vinamilk
210500116,Thùng 48 bịch Sữa dinh dưỡng Hương dâu Vinamilk 220ml,210500116,25000,Thùng,Sữa Dinh Dưỡng Tiệt Trùng,Vinamilk
210500116,Thùng 48 bịch Sữa dinh dưỡng Hương dâu Vinamilk 220ml,8930210500116,25000,Thùng,Sữa Dinh Dưỡng Tiệt Trùng,Vinamilk
210500117,Thùng 48 bịch Sữa dinh dưỡng Sô cô la Vinamilk 220ml,1893467353935,25000,Thùng,Sữa Dinh Dưỡng Tiệt Trùng,Vinamilk
210500117,Thùng 48 bịch Sữa dinh dưỡng Sô cô la Vinamilk 220ml,18934673539354,25000,Thùng,Sữa Dinh Dưỡng Tiệt Trùng,Vinamilk
210500117,Thùng 48 bịch Sữa dinh dưỡng Sô cô la Vinamilk 220ml,210500117,25000,Thùng,Sữa Dinh Dưỡng Tiệt Trùng,Vinamilk
210500117,Thùng 48 bịch Sữa dinh dưỡng Sô cô la Vinamilk 220ml,8930210500117,25000,Thùng,Sữa Dinh Dưỡng Tiệt Trùng,Vinamilk
210500118,Thùng 48 bịch Sữa dinh dưỡng Có đường Vinamilk 220ml,1893467353335,25000,Thùng,Sữa Dinh Dưỡng Tiệt Trùng,Vinamilk
210500118,Thùng 48 bịch Sữa dinh dưỡng Có đường Vinamilk 220ml,18934673533352,25000,Thùng,Sữa Dinh Dưỡng Tiệt Trùng,Vinamilk
210500118,Thùng 48 bịch Sữa dinh dưỡng Có đường Vinamilk 220ml,210500118,25000,Thùng,Sữa Dinh Dưỡng Tiệt Trùng,Vinamilk
210500118,Thùng 48 bịch Sữa dinh dưỡng Có đường Vinamilk 220ml,8930210500118,25000,Thùng,Sữa Dinh Dưỡng Tiệt Trùng,Vinamilk
210500119,Thùng 48 bịch Sữa dinh dưỡng Có đường Happy Star Vinamilk 220ml,210500119,25000,Thùng,Sữa Dinh Dưỡng Tiệt Trùng,Vinamilk
210500119,Thùng 48 bịch Sữa dinh dưỡng Có đường Happy Star Vinamilk 220ml,8930210500119,25000,Thùng,Sữa Dinh Dưỡng Tiệt Trùng,Vinamilk
210500120,Thùng 48 bịch Sữa dinh dưỡng Ít đường Vinamilk 220ml,1893467313234,25000,Thùng,Sữa Dinh Dưỡng Tiệt Trùng,Vinamilk
210500120,Thùng 48 bịch Sữa dinh dưỡng Ít đường Vinamilk 220ml,18934673132340,25000,Thùng,Sữa Dinh Dưỡng Tiệt Trùng,Vinamilk
210500120,Thùng 48 bịch Sữa dinh dưỡng Ít đường Vinamilk 220ml,210500120,25000,Thùng,Sữa Dinh Dưỡng Tiệt Trùng,Vinamilk
210500120,Thùng 48 bịch Sữa dinh dưỡng Ít đường Vinamilk 220ml,8930210500120,25000,Thùng,Sữa Dinh Dưỡng Tiệt Trùng,Vinamilk
210500121,Thùng 48 bịch Sữa dinh dưỡng Không đường Vinamilk 220ml,1893467353535,25000,Thùng,Sữa Dinh Dưỡng Tiệt Trùng,Vinamilk
210500121,Thùng 48 bịch Sữa dinh dưỡng Không đường Vinamilk 220ml,18934673535356,25000,Thùng,Sữa Dinh Dưỡng Tiệt Trùng,Vinamilk
210500121,Thùng 48 bịch Sữa dinh dưỡng Không đường Vinamilk 220ml,210500121,25000,Thùng,Sữa Dinh Dưỡng Tiệt Trùng,Vinamilk
210500121,Thùng 48 bịch Sữa dinh dưỡng Không đường Vinamilk 220ml,8930210500121,25000,Thùng,Sữa Dinh Dưỡng Tiệt Trùng,Vinamilk
210501509,Sữa bột Vinamilk Optimum Gold 1 (800g),8930210501509,25000,Hộp,Sữa Cho Bé,Vinamilk
210501509,Sữa bột Vinamilk Optimum Gold 1 (800g),8934673000864,25000,Hộp,Sữa Cho Bé,Vinamilk
210501510,Sữa bột Vinamilk Optimum Gold 3 (850g),8930210501510,25000,Hộp,Sữa Cho Bé,Vinamilk
210501510,Sữa bột Vinamilk Optimum Gold 3 (850g),8934673000895,25000,Hộp,Sữa Cho Bé,Vinamilk
210501511,Sữa bột Vinamilk Optimum Gold 4 (850g),8930210501511,25000,Hộp,Sữa Cho Bé,Vinamilk
210501511,Sữa bột Vinamilk Optimum Gold 4 (850g),8934673000918,25000,Hộp,Sữa Cho Bé,Vinamilk
210701051,Sữa đặc có đường Vinamilk Ngôi Sao Phương Nam xanh biển 380g - (date: 24/10/2021),210701051,25000,Lon,Sữa Đặc,Vinamilk
210701051,Sữa đặc có đường Vinamilk Ngôi Sao Phương Nam xanh biển 380g - (date: 24/10/2021),8930210701051,25000,Lon,Sữa Đặc,Vinamilk
210800073,Thùng 48 Lon sữa đặc có đường Vinamilk Ông Thọ xanh 380g - (date: 24/09/2021),210800073,25000,Thùng,Sữa Đặc,Vinamilk
210800073,Thùng 48 Lon sữa đặc có đường Vinamilk Ông Thọ xanh 380g - (date: 24/09/2021),8930210800073,25000,Thùng,Sữa Đặc,Vinamilk
210800765,Thùng 48 Lon sữa đặc có đường Vinamilk Ngôi Sao Phương Nam xanh biển 380gr - (date: 24/10/2021),210800765,25000,Thùng,Sữa Đặc,Vinamilk
210800765,Thùng 48 Lon sữa đặc có đường Vinamilk Ngôi Sao Phương Nam xanh biển 380gr - (date: 24/10/2021),8930210800765,25000,Thùng,Sữa Đặc,Vinamilk
210900355,STTT ít đường Vinamilk 1L - (Date - 13/10/2021),210900355,25000,Hộp,Sữa Tươi Tiệt Trùng,Vinamilk
210900355,STTT ít đường Vinamilk 1L - (Date - 13/10/2021),8930210900355,25000,Hộp,Sữa Tươi Tiệt Trùng,Vinamilk
211003178,Sữa bột Vinamilk Sure Diecerna lon 400g,8930211003178,25000,Hộp,Sữa Cho Người Cao Tuổi,Vinamilk
211003178,Sữa bột Vinamilk Sure Diecerna lon 400g,8934673051163,25000,Hộp,Sữa Cho Người Cao Tuổi,Vinamilk
211003179,Sữa bột Vinamilk Sure Diecerna lon 900g,8930211003179,25000,Hộp,Sữa Cho Người Cao Tuổi,Vinamilk
211003179,Sữa bột Vinamilk Sure Diecerna lon 900g,8934673051194,25000,Hộp,Sữa Cho Người Cao Tuổi,Vinamilk
211106318,Thùng 48 bịch Sữa dinh dưỡng Hương dâu Vinamilk 220ml - (Date - 25/12/2021),211106318,25000,Thùng,Sữa Dinh Dưỡng Tiệt Trùng,Vinamilk
211106318,Thùng 48 bịch Sữa dinh dưỡng Hương dâu Vinamilk 220ml - (Date - 25/12/2021),8930211106318,25000,Thùng,Sữa Dinh Dưỡng Tiệt Trùng,Vinamilk
220101575,Thùng 48 hộp STTT hương dâu Vinamilk 180ml - (Date - 16/03/2022),220101575,25000,Thùng,Sữa Tươi Tiệt Trùng,Vinamilk
220101575,Thùng 48 hộp STTT hương dâu Vinamilk 180ml - (Date - 16/03/2022),8930220101575,25000,Thùng,Sữa Tươi Tiệt Trùng,Vinamilk
220101579,Thùng 48 hộp STTT không đường Vinamilk 180ml - (Date - 08/03/2022),220101579,25000,Thùng,Sữa Tươi Tiệt Trùng,Vinamilk
220101579,Thùng 48 hộp STTT không đường Vinamilk 180ml - (Date - 08/03/2022),8930220101579,25000,Thùng,Sữa Tươi Tiệt Trùng,Vinamilk
220300011,STTT không đường Vinamilk 1L - (Date - 17/04/2022),220300011,25000,Hộp,Sữa Tươi Tiệt Trùng,Vinamilk
220300011,STTT không đường Vinamilk 1L - (Date - 17/04/2022),8930220300011,25000,Hộp,Sữa Tươi Tiệt Trùng,Vinamilk
220300290,Thùng 48 hộp SDD TT có đường Vinamilk ADM 110ml - (Date - 15/04/2022),220300290,25000,Thùng,Sữa Dinh Dưỡng Tiệt Trùng,Vinamilk
220300290,Thùng 48 hộp SDD TT có đường Vinamilk ADM 110ml - (Date - 15/04/2022),8930220300290,25000,Thùng,Sữa Dinh Dưỡng Tiệt Trùng,Vinamilk
220300412,Thùng 48 bịch Sữa dinh dưỡng Ít đường Vinamilk 220ml - (Date - 08/04/2022),220300412,25000,Thùng,Sữa Dinh Dưỡng Tiệt Trùng,Vinamilk
220300412,Thùng 48 bịch Sữa dinh dưỡng Ít đường Vinamilk 220ml - (Date - 08/04/2022),8930220300412,25000,Thùng,Sữa Dinh Dưỡng Tiệt Trùng,Vinamilk
220300413,Thùng 48 bịch Sữa dinh dưỡng Ít đường Vinamilk 220ml - (Date - 06/03/2022),220300413,25000,Thùng,Sữa Dinh Dưỡng Tiệt Trùng,Vinamilk
220300413,Thùng 48 bịch Sữa dinh dưỡng Ít đường Vinamilk 220ml - (Date - 06/03/2022),8930220300413,25000,Thùng,Sữa Dinh Dưỡng Tiệt Trùng,Vinamilk
220304021,Thùng 48 hộp STTT hương dâu Vinamilk 180ml - (Date - 26/04/2022),220304021,25000,Thùng,Sữa Tươi Tiệt Trùng,Vinamilk
220304021,Thùng 48 hộp STTT hương dâu Vinamilk 180ml - (Date - 26/04/2022),8930220304021,25000,Thùng,Sữa Tươi Tiệt Trùng,Vinamilk
220400201,Thùng 48 hộp SDD TT dâu Vinamilk ADM 110ml - (Date - 02/06/2022),220400201,25000,Thùng,Sữa Dinh Dưỡng Tiệt Trùng,Vinamilk
220400201,Thùng 48 hộp SDD TT dâu Vinamilk ADM 110ml - (Date - 02/06/2022),8930220400201,25000,Thùng,Sữa Dinh Dưỡng Tiệt Trùng,Vinamilk
220400202,Thùng 48 hộp STT có đường Vinamilk ADM 180ml - (Date - 07/06/2022),220400202,25000,Thùng,Sữa Tươi Tiệt Trùng,Vinamilk
220400202,Thùng 48 hộp STT có đường Vinamilk ADM 180ml - (Date - 07/06/2022),8930220400202,25000,Thùng,Sữa Tươi Tiệt Trùng,Vinamilk
220400203,Thùng 48 hộp STTT sôcôla Vinamilk 110ml - (Date - 06/06/2022),220400203,25000,Thùng,Sữa Tươi Tiệt Trùng,Vinamilk
220400203,Thùng 48 hộp STTT sôcôla Vinamilk 110ml - (Date - 06/06/2022),8930220400203,25000,Thùng,Sữa Tươi Tiệt Trùng,Vinamilk
220400204,Thùng 48 hộp STTT có đường Vinamilk 110ml - (Date - 28/05/2022),220400204,25000,Thùng,Sữa Tươi Tiệt Trùng,Vinamilk
220400204,Thùng 48 hộp STTT có đường Vinamilk 110ml - (Date - 28/05/2022),8930220400204,25000,Thùng,Sữa Tươi Tiệt Trùng,Vinamilk
220400205,STTT ít đường Vinamilk 1L - (Date - 26/05/2022),220400205,25000,Hộp,Sữa Tươi Tiệt Trùng,Vinamilk
220400205,STTT ít đường Vinamilk 1L - (Date - 26/05/2022),8930220400205,25000,Hộp,Sữa Tươi Tiệt Trùng,Vinamilk
220400206,STTT không đường Vinamilk 1L - (Date - 10/05/2022),220400206,25000,Hộp,Sữa Tươi Tiệt Trùng,Vinamilk
220400206,STTT không đường Vinamilk 1L - (Date - 10/05/2022),8930220400206,25000,Hộp,Sữa Tươi Tiệt Trùng,Vinamilk
220400207,Thùng 48 hộp STTT không đường Vinamilk 180ml - (Date - 09/05/2022),220400207,25000,Thùng,Sữa Tươi Tiệt Trùng,Vinamilk
220400207,Thùng 48 hộp STTT không đường Vinamilk 180ml - (Date - 09/05/2022),8930220400207,25000,Thùng,Sữa Tươi Tiệt Trùng,Vinamilk
2307077264365,Sữa Bột Vinamilk Optimum Gold 3 Hộp Thiếc (1500g),2307077264365,25000,Cái,Sữa Cho Bé,Vinamilk
2405390271340,Sữa Bột Vinamilk Dielac Grow Plus 2+ - Xanh Hộp Thiếc 900g,2405390271340,25000,Cái,Sữa Cho Bé,Vinamilk
2405390271340,Sữa Bột Vinamilk Dielac Grow Plus 2+ - Xanh Hộp Thiếc 900g,8934673008198,25000,Cái,Sữa Cho Bé,Vinamilk
2447642097322,Sữa Bột Vinamilk Dielac Alpha 1 - Hộp Thiếc 900g,2447642097322,25000,Cái,Sữa Cho Bé,Vinamilk
2447642097322,Sữa Bột Vinamilk Dielac Alpha 1 - Hộp Thiếc 900g,8934673735919,25000,Cái,Sữa Cho Bé,Vinamilk
2497668070137,Bột Ăn Dặm Vinamilk Ridielac Gold Lươn Cà Rốt Đậu Xanh (200g / Hộp Giấy),8934673427036,25000,Cái,Thực Phẩm Ăn Dặm,Vinamilk
3398556964080,Sữa Bột Vinamilk Dielac Alpha Gold IQ Step 3 Hộp Thiếc (1500g),3398556964080,25000,Cái,Sữa Cho Bé,Vinamilk
3546429040670,Sữa Bột Vinamilk Sure Prevent - Hộp Thiếc 900g,3546429040670,25000,Cái,Sữa Cho Người Cao Tuổi,Vinamilk
4159827243001,Sữa Bột Vinamilk Sure Diecerna - Hộp Thiếc 900g,4159827243001,25000,Cái,Sữa Cho Người Cao Tuổi,Vinamilk
5321639562567,Bột Ăn Dặm Vinamilk Ridielac Gold Gà Rau Củ (200g / Hộp Giấy),8934673426039,25000,Cái,Thực Phẩm Ăn Dặm,Vinamilk
5552864614404,Sữa Bột Vinamilk Dielac Alpha Gold IQ Step 4 - Hộp Thiếc 900g,5552864614404,25000,Hộp,Sữa Cho Bé,Vinamilk
5552864614404,Sữa Bột Vinamilk Dielac Alpha Gold IQ Step 4 - Hộp Thiếc 900g,8934673066181,25000,Hộp,Sữa Cho Bé,Vinamilk
5681906539228,Sữa Bột Vinamilk Optimum Gold 3 - Hộp Thiếc 900g,5681906539228,25000,Cái,Sữa Cho Bé,Vinamilk
5681906539228,Sữa Bột Vinamilk Optimum Gold 3 - Hộp Thiếc 900g,8934673188197,25000,Cái,Sữa Cho Bé,Vinamilk
6303100553853,Sữa Bột Vinamilk Optimum Gold 1 - Hộp Thiếc 900g,6303100553853,25000,Cái,Sữa Cho Bé,Vinamilk
6303100553853,Sữa Bột Vinamilk Optimum Gold 1 - Hộp Thiếc 900g,8934673177191,25000,Cái,Sữa Cho Bé,Vinamilk
6314165105499,Sữa Bột Vinamilk Dielac Alpha Gold IQ Step 1 - Hộp Thiếc 900g,6314165105499,25000,Cái,Sữa Cho Bé,Vinamilk
6314165105499,Sữa Bột Vinamilk Dielac Alpha Gold IQ Step 1 - Hộp Thiếc 900g,8934673063180,25000,Cái,Sữa Cho Bé,Vinamilk
6501245945155,Sữa Bột Vinamilk Dielac Alpha Gold IQ Step 4 Hộp Thiếc (1500g),6501245945155,25000,Cái,Sữa Cho Bé,Vinamilk
6536171965342,Thùng 48 Hộp Sữa Tươi Tiệt Trùng Vinamilk 100% Ít Đường (180ml),18934673581346,25000,Cái,Sữa Tươi Tiệt Trùng,Vinamilk
6536171965342,Thùng 48 Hộp Sữa Tươi Tiệt Trùng Vinamilk 100% Ít Đường (180ml),6536171965342,25000,Cái,Sữa Tươi Tiệt Trùng,Vinamilk
6813860010294,Sữa Bột Vinamilk Dielac Grow Plus 1+ - Xanh Hộp Thiếc 900g,6813860010294,25000,Cái,Sữa Cho Bé,Vinamilk
6813860010294,Sữa Bột Vinamilk Dielac Grow Plus 1+ - Xanh Hộp Thiếc 900g,8934673007191,25000,Cái,Sữa Cho Bé,Vinamilk
8067365274776,Lốc 6 Chai Sữa Bột Pha Sẵn Vinamilk Sure Prevent (200ml),8067365274776,25000,Cái,Sữa Cho Người Cao Tuổi,Vinamilk
8067365274776,Lốc 6 Chai Sữa Bột Pha Sẵn Vinamilk Sure Prevent (200ml),8934673122092,25000,Cái,Sữa Cho Người Cao Tuổi,Vinamilk
8067365274776,Lốc 6 Chai Sữa Bột Pha Sẵn Vinamilk Sure Prevent (200ml),8934673122559,25000,Cái,Sữa Cho Người Cao Tuổi,Vinamilk
8202661541577,Sữa Bột Vinamilk Optimum Gold 4 - Hộp Thiếc 900g,8202661541577,25000,Cái,Sữa Cho Bé,Vinamilk
8202661541577,Sữa Bột Vinamilk Optimum Gold 4 - Hộp Thiếc 900g,8934673191197,25000,Cái,Sữa Cho Bé,Vinamilk
8424437831624,Sữa Bột Vinamilk Dielac Alpha 2 - Hộp Thiếc 900g,8424437831624,25000,Cái,Sữa Cho Bé,Vinamilk
8424437831624,Sữa Bột Vinamilk Dielac Alpha 2 - Hộp Thiếc 900g,8934673736916,25000,Cái,Sữa Cho Bé,Vinamilk
8934673109345,St Tiệt Trùng Vinamilk Không Đường 100% Organic 180ml,8934673109345,25000,Hộp,Sữa Tươi Tiệt Trùng,Vinamilk
8934673312530,Sữa Chua Uống Tt Nha Đam Vinamilk Yomilk Chai 150ml,8934673312530,25000,Chai,Sữa Chua Uống,Vinamilk
8934673313537,Sữa Chua Uống Tt Lựu Đỏ Vinamilk Yomilk Chai 150ml,8934673313537,25000,Chai,Sữa Chua Uống,Vinamilk
8934673575348,St Tiêt Trùng Vinamilk  Hương Socola 180ml,8934673575348,25000,Hộp,Sữa Tươi Tiệt Trùng,Vinamilk
8934673581349,St Tiêt Trùng Vinamilk  Ít Đường 180ml,8934673581349,25000,Hộp,Sữa Tươi Tiệt Trùng,Vinamilk
8934673700108,Nước uống ICY PREMIUM Vinamilk 450ml,8934673700108,25000,Cái,Nước Giải Khát,Vinamilk
8934673822565,Nước Chanh Muối Icy Vinamilk (350ml),8934673822565,25000,Chai,Nước Giải Khát,Vinamilk
8969793946488,Sữa Bột Vinamilk Dielac Alpha Gold IQ Step 3 - Hộp Thiếc 900g,8934673065184,25000,Hộp,Sữa Cho Bé,Vinamilk
8969793946488,Sữa Bột Vinamilk Dielac Alpha Gold IQ Step 3 - Hộp Thiếc 900g,8969793946488,25000,Hộp,Sữa Cho Bé,Vinamilk
9023491287287,Sữa Bột Vinamilk Dielac Grow Plus 2+ - Đỏ Hộp Thiếc 900g,8934673174190,25000,Cái,Sữa Cho Bé,Vinamilk
9023491287287,Sữa Bột Vinamilk Dielac Grow Plus 2+ - Đỏ Hộp Thiếc 900g,9023491287287,25000,Cái,Sữa Cho Bé,Vinamilk
9144375929656,Thùng 48 Hộp Sữa Tươi Tiệt Trùng Vinamilk 100% Có Đường (180ml),9144375929656,25000,Hộp,Sữa Tươi Tiệt Trùng,Vinamilk
9248791276957,Sữa bột Vinamilk Dielac Grow 2+ -  Đỏ Hộp Thiếc 900g,9248791276957,25000,Cái,Sữa Cho Bé,Vinamilk
9274742836659,Sữa Bột Vinamilk Dielac Alpha 3 - Hộp Thiếc 900g,9274742836659,25000,Cái,Sữa Cho Bé,Vinamilk
9334502384117,Sữa Bột Vinamilk Dielac Alpha Step 3 Hộp Thiếc (1500g),9334502384117,25000,Cái,Sữa Cho Bé,Vinamilk
9447398581192,Sữa Bột Vinamilk Sure Prevent - Hộp Thiếc 400g,8934673068161,25000,Lon,Sữa Cho Người Cao Tuổi,Vinamilk
9447398581192,Sữa Bột Vinamilk Sure Prevent - Hộp Thiếc 400g,9447398581192,25000,Lon,Sữa Cho Người Cao Tuổi,Vinamilk
9503021539340,Sữa Bột Vinamilk Dielac Alpha Gold IQ Step 2 - Hộp Thiếc 900g,8934673064187,25000,Cái,Sữa Cho Bé,Vinamilk
9503021539340,Sữa Bột Vinamilk Dielac Alpha Gold IQ Step 2 - Hộp Thiếc 900g,9503021539340,25000,Cái,Sữa Cho Bé,Vinamilk
